participant,condition,sus,tlx,submitted_at
D1,assisted,"[5, 1, 5, 1, 5, 1, 5, 1, 5, 1]","[15, 0, 0, 90, 5, 0]",2026-10-05T06:56:56.769393+00:00
D1,manual,"[4, 1, 5, 1, 5, 1, 5, 1, 5, 1]","[0, 0, 0, 95, 0, 0]",2026-10-05T06:50:14.530440+00:00
P1,assisted,"[4, 1, 5, 1, 4, 2, 4, 1, 5, 1]","[10, 0, 0, 85, 0, 0]",2026-10-05T07:03:18.390079+00:00
P1,manual,"[4, 1, 5, 1, 4, 1, 4, 1, 4, 1]","[10, 0, 5, 80, 0, 0]",2026-10-05T07:07:24.949390+00:00
P2,assisted,"[4, 1, 5, 1, 3, 1, 4, 1, 4, 1]","[10, 0, 5, 70, 5, 0]",2026-10-05T15:29:53.368124+00:00
P2,manual,"[4, 1, 5, 1, 3, 1, 4, 1, 4, 1]","[0, 0, 25, 100, 0, 0]",2026-10-05T07:15:20.087438+00:00
P3,assisted,"[3, 1, 5, 1, 5, 1, 4, 1, 4, 1]","[15, 0, 25, 65, 0, 0]",2026-10-05T15:33:40.494087+00:00
P3,manual,"[3, 2, 4, 1, 4, 1, 4, 1, 5, 1]","[20, 0, 0, 0, 0, 0]",2026-10-05T15:37:47.234964+00:00
P4,assisted,"[4, 2, 4, 1, 4, 1, 4, 1, 4, 1]","[0, 0, 0, 15, 5, 0]",2026-10-09T04:09:25.732842+00:00
P4,manual,"[4, 1, 5, 1, 5, 1, 4, 1, 4, 1]","[5, 0, 0, 25, 0, 0]",2026-10-05T16:51:53.213073+00:00
