participant,clip,practice,job_id,event_id,action,track_id,direction,frame_index,automatic_outcome,automatic_direction,automatic_triage
D1,c02,0,job_7143824797f54af5,5,add_passage,,right,199,,,
D1,c02,0,job_7143824797f54af5,6,add_passage,,right,199,,,
D1,c02,0,job_7143824797f54af5,7,add_passage,,right,199,,,
D1,c02,0,job_7143824797f54af5,8,add_passage,,right,199,,,
D1,c03,0,job_9d1060de9c2840d7,16,accept,4,,,passage,right,unresolved
D1,c03,0,job_9d1060de9c2840d7,17,accept,1,,,passage,right,suggested
D1,c03,0,job_9d1060de9c2840d7,18,accept,2,,,no_crossing,,suggested
D1,c03,0,job_9d1060de9c2840d7,19,accept,3,,,stationary,,suggested
D1,c07,0,job_9baef3ef892b4bf1,12,accept,4,,,passage,right,suggested
D1,c07,0,job_9baef3ef892b4bf1,13,accept,2,,,passage,right,suggested
D1,c07,0,job_9baef3ef892b4bf1,14,accept,1,,,passage,right,suggested
D1,c07,0,job_9baef3ef892b4bf1,15,accept,3,,,passage,right,suggested
D1,c09,0,job_b5f644f7aad94e57,9,accept,6,,,passage,right,needs_review
D1,c09,0,job_b5f644f7aad94e57,10,accept,7,,,passage,right,needs_review
D1,c11,0,job_dcfa73302f0b4f63,11,add_passage,,right,150,,,
D1,p02,1,job_ec5eb6a7dcee4482,1,add_passage,,left,0,,,
D1,p02,1,job_ec5eb6a7dcee4482,2,add_passage,,right,16,,,
D1,p02,1,job_ec5eb6a7dcee4482,3,reject,,,,,,
D1,p02,1,job_ec5eb6a7dcee4482,4,reject,,,,,,
P1,c01,0,job_e8e0e927d17f4531,50,accept,1,,,passage,right,suggested
P1,c01,0,job_e8e0e927d17f4531,51,accept,3,,,stationary,,suggested
P1,c01,0,job_e8e0e927d17f4531,52,accept,2,,,stationary,,suggested
P1,c04,0,job_1df059b94ba34b3a,25,accept,1,,,passage,right,suggested
P1,c04,0,job_1df059b94ba34b3a,26,accept,6,,,passage,right,suggested
P1,c04,0,job_1df059b94ba34b3a,27,accept,7,,,passage,right,suggested
P1,c04,0,job_1df059b94ba34b3a,28,accept,5,,,passage,right,suggested
P1,c04,0,job_1df059b94ba34b3a,29,accept,4,,,passage,right,suggested
P1,c04,0,job_1df059b94ba34b3a,30,accept,2,,,passage,right,suggested
P1,c04,0,job_1df059b94ba34b3a,31,accept,3,,,passage,right,suggested
P1,c04,0,job_1df059b94ba34b3a,32,accept,8,,,no_crossing,,suggested
P1,c04,0,job_1df059b94ba34b3a,33,accept,9,,,no_crossing,,suggested
P1,c05,0,job_eb7fa42846f1485e,48,accept,1,,,passage,right,suggested
P1,c05,0,job_eb7fa42846f1485e,49,accept,2,,,passage,right,suggested
P1,c06,0,job_ab179a0027084edb,37,add_passage,,right,138,,,
P1,c06,0,job_ab179a0027084edb,38,accept,1,,,passage,right,suggested
P1,c06,0,job_ab179a0027084edb,39,accept,5,,,passage,right,suggested
P1,c06,0,job_ab179a0027084edb,40,accept,2,,,passage,right,suggested
P1,c06,0,job_ab179a0027084edb,41,accept,3,,,passage,right,suggested
P1,c06,0,job_ab179a0027084edb,42,accept,8,,,passage,right,suggested
P1,c06,0,job_ab179a0027084edb,43,accept,7,,,no_crossing,,suggested
P1,c06,0,job_ab179a0027084edb,44,set_direction,7,right,,no_crossing,,suggested
P1,c06,0,job_ab179a0027084edb,45,set_direction,8,right,,passage,right,suggested
P1,c06,0,job_ab179a0027084edb,46,set_direction,4,right,,no_crossing,,needs_review
P1,c06,0,job_ab179a0027084edb,47,set_direction,6,right,,no_crossing,,suggested
P1,c08,0,job_b933437787b8405c,34,accept,2,,,passage,right,suggested
P1,c08,0,job_b933437787b8405c,35,accept,3,,,passage,right,suggested
P1,c08,0,job_b933437787b8405c,36,accept,1,,,passage,right,suggested
P1,c12,0,job_9b51df89219f4de0,21,accept,2,,,passage,right,suggested
P1,c12,0,job_9b51df89219f4de0,22,accept,3,,,passage,right,suggested
P1,c12,0,job_9b51df89219f4de0,23,accept,1,,,passage,right,suggested
P1,c12,0,job_9b51df89219f4de0,24,accept,4,,,no_crossing,,suggested
P1,p01,1,job_ba6a5794521644ee,20,accept,1,,,passage,right,suggested
P2,c01,0,job_f5e812b4b75648e9,84,accept,1,,,passage,right,suggested
P2,c01,0,job_f5e812b4b75648e9,85,accept,2,,,stationary,,suggested
P2,c01,0,job_f5e812b4b75648e9,86,accept,3,,,stationary,,suggested
P2,c04,0,job_6d058790f44c4824,62,accept,6,,,passage,right,suggested
P2,c04,0,job_6d058790f44c4824,63,accept,7,,,passage,right,suggested
P2,c04,0,job_6d058790f44c4824,64,accept,5,,,passage,right,suggested
P2,c04,0,job_6d058790f44c4824,65,accept,4,,,passage,right,suggested
P2,c04,0,job_6d058790f44c4824,66,accept,1,,,passage,right,suggested
P2,c04,0,job_6d058790f44c4824,67,accept,2,,,passage,right,suggested
P2,c04,0,job_6d058790f44c4824,68,accept,3,,,passage,right,suggested
P2,c04,0,job_6d058790f44c4824,69,set_direction,8,right,,no_crossing,,suggested
P2,c04,0,job_6d058790f44c4824,70,set_direction,9,right,,no_crossing,,suggested
P2,c05,0,job_680f9f8073b64cec,82,accept,2,,,passage,right,suggested
P2,c05,0,job_680f9f8073b64cec,83,accept,1,,,passage,right,suggested
P2,c06,0,job_b5421ffb713f49f6,74,set_direction,4,right,,no_crossing,,needs_review
P2,c06,0,job_b5421ffb713f49f6,75,accept,1,,,passage,right,suggested
P2,c06,0,job_b5421ffb713f49f6,76,accept,5,,,passage,right,suggested
P2,c06,0,job_b5421ffb713f49f6,77,accept,2,,,passage,right,suggested
P2,c06,0,job_b5421ffb713f49f6,78,accept,3,,,passage,right,suggested
P2,c06,0,job_b5421ffb713f49f6,79,accept,8,,,passage,right,suggested
P2,c06,0,job_b5421ffb713f49f6,80,set_direction,7,right,,no_crossing,,suggested
P2,c06,0,job_b5421ffb713f49f6,81,set_direction,6,right,,no_crossing,,suggested
P2,c08,0,job_1dffe6e96ab7463e,71,accept,3,,,passage,right,suggested
P2,c08,0,job_1dffe6e96ab7463e,72,accept,1,,,passage,right,suggested
P2,c08,0,job_1dffe6e96ab7463e,73,accept,2,,,passage,right,suggested
P2,c12,0,job_0a9a91019acd499e,58,accept,2,,,passage,right,suggested
P2,c12,0,job_0a9a91019acd499e,59,accept,3,,,passage,right,suggested
P2,c12,0,job_0a9a91019acd499e,60,accept,1,,,passage,right,suggested
P2,c12,0,job_0a9a91019acd499e,61,accept,4,,,no_crossing,,suggested
P2,p02,1,job_5db0a09a22ae47ad,53,accept,2,,,passage,right,unresolved
P2,p02,1,job_5db0a09a22ae47ad,54,accept,1,,,passage,right,suggested
P2,p02,1,job_5db0a09a22ae47ad,55,accept,3,,,passage,right,suggested
P2,p02,1,job_5db0a09a22ae47ad,56,accept,4,,,passage,right,suggested
P2,p02,1,job_5db0a09a22ae47ad,57,accept,5,,,passage,right,suggested
P3,c02,0,job_f4d80bb9661b44cf,88,accept,2,,,passage,right,suggested
P3,c02,0,job_f4d80bb9661b44cf,89,set_direction,3,right,,no_crossing,,suggested
P3,c02,0,job_f4d80bb9661b44cf,90,set_direction,4,right,,no_crossing,,suggested
P3,c02,0,job_f4d80bb9661b44cf,91,set_direction,1,right,,no_crossing,,suggested
P3,c02,0,job_f4d80bb9661b44cf,92,set_direction,5,right,,no_crossing,,suggested
P3,c03,0,job_93b7fa27c67d42a7,129,accept,4,,,passage,right,unresolved
P3,c03,0,job_93b7fa27c67d42a7,130,accept,1,,,passage,right,suggested
P3,c03,0,job_93b7fa27c67d42a7,131,accept,2,,,no_crossing,,suggested
P3,c03,0,job_93b7fa27c67d42a7,132,set_direction,2,right,,no_crossing,,suggested
P3,c03,0,job_93b7fa27c67d42a7,133,set_direction,3,right,,stationary,,suggested
P3,c07,0,job_3ef6aaf81e964386,125,accept,4,,,passage,right,suggested
P3,c07,0,job_3ef6aaf81e964386,126,accept,2,,,passage,right,suggested
P3,c07,0,job_3ef6aaf81e964386,127,accept,1,,,passage,right,suggested
P3,c07,0,job_3ef6aaf81e964386,128,accept,3,,,passage,right,suggested
P3,c09,0,job_3d2cf2f1eb9e407d,93,accept,7,,,passage,right,needs_review
P3,c09,0,job_3d2cf2f1eb9e407d,94,accept,6,,,passage,right,needs_review
P3,c09,0,job_3d2cf2f1eb9e407d,95,accept,4,,,passage,right,suggested
P3,c09,0,job_3d2cf2f1eb9e407d,96,accept,3,,,passage,right,suggested
P3,c09,0,job_3d2cf2f1eb9e407d,97,accept,5,,,passage,right,suggested
P3,c09,0,job_3d2cf2f1eb9e407d,98,accept,8,,,passage,right,suggested
P3,c09,0,job_3d2cf2f1eb9e407d,99,accept,1,,,passage,right,suggested
P3,c09,0,job_3d2cf2f1eb9e407d,100,set_direction,2,right,,no_crossing,,suggested
P3,c09,0,job_3d2cf2f1eb9e407d,101,set_direction,9,right,,no_crossing,,suggested
P3,c10,0,job_812136fa2cbf42b7,102,accept,12,,,passage,right,unresolved
P3,c10,0,job_812136fa2cbf42b7,103,set_direction,2,right,,stationary,,needs_review
P3,c10,0,job_812136fa2cbf42b7,104,accept,15,,,stationary,,needs_review
P3,c10,0,job_812136fa2cbf42b7,105,set_direction,8,right,,no_crossing,,needs_review
P3,c10,0,job_812136fa2cbf42b7,106,accept,9,,,passage,right,suggested
P3,c10,0,job_812136fa2cbf42b7,107,accept,6,,,passage,right,suggested
P3,c10,0,job_812136fa2cbf42b7,108,accept,4,,,passage,right,suggested
P3,c10,0,job_812136fa2cbf42b7,109,accept,7,,,passage,right,suggested
P3,c10,0,job_812136fa2cbf42b7,110,accept,11,,,passage,right,suggested
P3,c10,0,job_812136fa2cbf42b7,111,accept,3,,,passage,right,suggested
P3,c10,0,job_812136fa2cbf42b7,112,accept,5,,,passage,right,suggested
P3,c10,0,job_812136fa2cbf42b7,113,accept,10,,,passage,right,suggested
P3,c10,0,job_812136fa2cbf42b7,114,accept,14,,,stationary,,suggested
P3,c10,0,job_812136fa2cbf42b7,115,set_direction,14,right,,stationary,,suggested
P3,c10,0,job_812136fa2cbf42b7,116,set_direction,13,right,,no_crossing,,suggested
P3,c11,0,job_3261d2fc12d841d5,117,set_direction,5,right,,stationary,,needs_review
P3,c11,0,job_3261d2fc12d841d5,118,set_direction,2,right,,no_crossing,,needs_review
P3,c11,0,job_3261d2fc12d841d5,119,set_direction,3,right,,no_crossing,,needs_review
P3,c11,0,job_3261d2fc12d841d5,120,accept,4,,,passage,right,suggested
P3,c11,0,job_3261d2fc12d841d5,121,accept,6,,,passage,right,suggested
P3,c11,0,job_3261d2fc12d841d5,122,accept,1,,,passage,right,suggested
P3,c11,0,job_3261d2fc12d841d5,123,accept,7,,,no_crossing,,suggested
P3,c11,0,job_3261d2fc12d841d5,124,set_direction,7,right,,no_crossing,,suggested
P3,p01,1,job_1333bf3d313446ac,87,accept,1,,,passage,right,suggested
P4,c02,0,job_83877a7474bf451d,139,accept,2,,,passage,right,suggested
P4,c02,0,job_83877a7474bf451d,140,accept,3,,,no_crossing,,suggested
P4,c02,0,job_83877a7474bf451d,141,accept,4,,,no_crossing,,suggested
P4,c02,0,job_83877a7474bf451d,142,set_direction,1,right,,no_crossing,,suggested
P4,c02,0,job_83877a7474bf451d,143,accept,5,,,no_crossing,,suggested
P4,c03,0,job_4e15ebe13eee4ef4,180,accept,4,,,passage,right,unresolved
P4,c03,0,job_4e15ebe13eee4ef4,181,accept,1,,,passage,right,suggested
P4,c03,0,job_4e15ebe13eee4ef4,182,set_direction,2,right,,no_crossing,,suggested
P4,c03,0,job_4e15ebe13eee4ef4,183,set_direction,3,right,,stationary,,suggested
P4,c07,0,job_bd2d366bdc0142b0,176,accept,4,,,passage,right,suggested
P4,c07,0,job_bd2d366bdc0142b0,177,accept,2,,,passage,right,suggested
P4,c07,0,job_bd2d366bdc0142b0,178,accept,1,,,passage,right,suggested
P4,c07,0,job_bd2d366bdc0142b0,179,accept,3,,,passage,right,suggested
P4,c09,0,job_192ffada8adc495e,144,accept,7,,,passage,right,needs_review
P4,c09,0,job_192ffada8adc495e,145,accept,6,,,passage,right,needs_review
P4,c09,0,job_192ffada8adc495e,146,accept,4,,,passage,right,suggested
P4,c09,0,job_192ffada8adc495e,147,accept,3,,,passage,right,suggested
P4,c09,0,job_192ffada8adc495e,148,accept,5,,,passage,right,suggested
P4,c09,0,job_192ffada8adc495e,149,accept,8,,,passage,right,suggested
P4,c09,0,job_192ffada8adc495e,150,accept,1,,,passage,right,suggested
P4,c09,0,job_192ffada8adc495e,151,set_direction,2,right,,no_crossing,,suggested
P4,c09,0,job_192ffada8adc495e,152,set_direction,9,right,,no_crossing,,suggested
P4,c10,0,job_5b5faa74df6940ad,153,set_direction,12,right,,passage,right,unresolved
P4,c10,0,job_5b5faa74df6940ad,154,accept,12,,,passage,right,unresolved
P4,c10,0,job_5b5faa74df6940ad,155,accept,2,,,stationary,,needs_review
P4,c10,0,job_5b5faa74df6940ad,156,accept,1,,,stationary,,needs_review
P4,c10,0,job_5b5faa74df6940ad,157,accept,15,,,stationary,,needs_review
P4,c10,0,job_5b5faa74df6940ad,158,set_direction,8,right,,no_crossing,,needs_review
P4,c10,0,job_5b5faa74df6940ad,159,accept,9,,,passage,right,suggested
P4,c10,0,job_5b5faa74df6940ad,160,accept,6,,,passage,right,suggested
P4,c10,0,job_5b5faa74df6940ad,161,accept,4,,,passage,right,suggested
P4,c10,0,job_5b5faa74df6940ad,162,accept,7,,,passage,right,suggested
P4,c10,0,job_5b5faa74df6940ad,163,accept,11,,,passage,right,suggested
P4,c10,0,job_5b5faa74df6940ad,164,accept,3,,,passage,right,suggested
P4,c10,0,job_5b5faa74df6940ad,165,accept,5,,,passage,right,suggested
P4,c10,0,job_5b5faa74df6940ad,166,accept,10,,,passage,right,suggested
P4,c10,0,job_5b5faa74df6940ad,167,set_direction,14,right,,stationary,,suggested
P4,c10,0,job_5b5faa74df6940ad,168,set_direction,13,right,,no_crossing,,suggested
P4,c11,0,job_77aecf3aa6f24b9f,169,set_direction,5,right,,stationary,,needs_review
P4,c11,0,job_77aecf3aa6f24b9f,170,set_direction,2,right,,no_crossing,,needs_review
P4,c11,0,job_77aecf3aa6f24b9f,171,set_direction,3,right,,no_crossing,,needs_review
P4,c11,0,job_77aecf3aa6f24b9f,172,accept,4,,,passage,right,suggested
P4,c11,0,job_77aecf3aa6f24b9f,173,accept,6,,,passage,right,suggested
P4,c11,0,job_77aecf3aa6f24b9f,174,accept,1,,,passage,right,suggested
P4,c11,0,job_77aecf3aa6f24b9f,175,set_direction,7,right,,no_crossing,,suggested
P4,p02,1,job_056951a9247f48d5,134,accept,2,,,passage,right,unresolved
P4,p02,1,job_056951a9247f48d5,135,accept,1,,,passage,right,suggested
P4,p02,1,job_056951a9247f48d5,136,accept,3,,,passage,right,suggested
P4,p02,1,job_056951a9247f48d5,137,accept,4,,,passage,right,suggested
P4,p02,1,job_056951a9247f48d5,138,accept,5,,,passage,right,suggested
