participant,block,condition,clip,practice,started_at,finished_at,active_ms,pauses,final_right,final_left,job_id,revision,note
D1,1,manual,c01,0,2026-10-05T06:48:24.035Z,2026-10-05T06:48:55.749Z,31714,0,1,0,,,
D1,2,assisted,c02,0,2026-10-05T06:51:58.153Z,2026-10-05T06:52:36.217Z,38065,0,5,0,job_7143824797f54af5,4,
D1,2,assisted,c03,0,2026-10-05T06:55:30.202Z,2026-10-05T06:56:08.812Z,38609,0,2,0,job_9d1060de9c2840d7,4,
D1,1,manual,c04,0,2026-10-05T06:46:25.467Z,2026-10-05T06:46:58.230Z,32763,0,8,0,,,
D1,1,manual,c05,0,2026-10-05T06:47:55.201Z,2026-10-05T06:48:22.831Z,27630,0,2,0,,,
D1,1,manual,c06,0,2026-10-05T06:47:26.485Z,2026-10-05T06:47:53.713Z,27228,0,7,0,,,
D1,2,assisted,c07,0,2026-10-05T06:54:48.834Z,2026-10-05T06:55:29.017Z,40183,0,4,0,job_9baef3ef892b4bf1,4,
D1,1,manual,c08,0,2026-10-05T06:46:59.700Z,2026-10-05T06:47:25.197Z,25497,0,3,0,,,
D1,2,assisted,c09,0,2026-10-05T06:52:37.790Z,2026-10-05T06:53:40.099Z,62310,0,7,0,job_b5f644f7aad94e57,2,
D1,2,assisted,c10,0,2026-10-05T06:53:41.817Z,2026-10-05T06:54:13.266Z,31450,0,9,0,job_11618ef69e6d4fef,0,
D1,2,assisted,c11,0,2026-10-05T06:54:14.704Z,2026-10-05T06:54:47.662Z,32959,0,4,0,job_dcfa73302f0b4f63,1,
D1,1,manual,c12,0,2026-10-05T06:45:26.767Z,2026-10-05T06:46:23.815Z,57048,0,3,0,,,
D1,1,manual,p01,1,2026-10-05T06:44:52.015Z,2026-10-05T06:45:22.786Z,30767,0,1,0,,,
D1,2,assisted,p02,1,2026-10-05T06:50:21.276Z,2026-10-05T06:51:56.542Z,95266,0,5,0,job_ec5eb6a7dcee4482,4,
P1,1,assisted,c01,0,2026-10-05T07:01:22.768Z,2026-10-05T07:01:56.264Z,33497,0,1,0,job_e8e0e927d17f4531,3,
P1,2,manual,c02,0,2026-10-05T07:03:56.805Z,2026-10-05T07:04:18.066Z,21261,0,3,0,,,
P1,2,manual,c03,0,2026-10-05T07:06:17.300Z,2026-10-05T07:06:38.833Z,21533,0,3,0,,,
P1,1,assisted,c04,0,2026-10-05T06:59:02.125Z,2026-10-05T06:59:28.039Z,25916,0,7,0,job_1df059b94ba34b3a,9,
P1,1,assisted,c05,0,2026-10-05T07:01:08.871Z,2026-10-05T07:01:21.844Z,12973,0,2,0,job_eb7fa42846f1485e,2,
P1,1,assisted,c06,0,2026-10-05T06:59:50.837Z,2026-10-05T07:01:07.746Z,76910,0,9,0,job_ab179a0027084edb,11,
P1,2,manual,c07,0,2026-10-05T07:05:48.919Z,2026-10-05T07:06:16.434Z,27515,0,4,0,,,
P1,1,assisted,c08,0,2026-10-05T06:59:29.253Z,2026-10-05T06:59:49.427Z,20175,0,3,0,job_b933437787b8405c,3,
P1,2,manual,c09,0,2026-10-05T07:04:19.414Z,2026-10-05T07:04:43.850Z,24436,0,6,0,,,
P1,2,manual,c10,0,2026-10-05T07:04:45.079Z,2026-10-05T07:05:15.085Z,30007,0,8,0,,,
P1,2,manual,c11,0,2026-10-05T07:05:16.121Z,2026-10-05T07:05:47.479Z,31358,0,5,0,,,
P1,1,assisted,c12,0,2026-10-05T06:58:22.273Z,2026-10-05T06:59:00.937Z,38664,0,3,0,job_9b51df89219f4de0,4,
P1,1,assisted,p01,1,2026-10-05T06:57:49.961Z,2026-10-05T06:58:20.498Z,30537,0,1,0,job_ba6a5794521644ee,1,
P1,2,manual,p02,1,2026-10-05T07:03:20.392Z,2026-10-05T07:03:55.586Z,35193,0,5,0,,,
P2,2,assisted,c01,0,2026-10-05T15:29:01.919Z,2026-10-05T15:29:16.842Z,14924,0,1,0,job_f5e812b4b75648e9,3,
P2,1,manual,c02,0,2026-10-05T07:11:41.678Z,2026-10-05T07:12:07.836Z,26158,0,2,0,,,
P2,1,manual,c03,0,2026-10-05T07:14:08.143Z,2026-10-05T07:14:33.869Z,25726,0,3,0,,,
P2,2,assisted,c04,0,2026-10-05T15:27:40.069Z,2026-10-05T15:28:14.215Z,34146,0,9,0,job_6d058790f44c4824,9,
P2,2,assisted,c05,0,2026-10-05T15:28:52.817Z,2026-10-05T15:29:00.748Z,7931,0,2,0,job_680f9f8073b64cec,2,
P2,2,assisted,c06,0,2026-10-05T15:28:25.201Z,2026-10-05T15:28:51.865Z,26664,0,8,0,job_b5421ffb713f49f6,8,
P2,1,manual,c07,0,2026-10-05T07:13:39.692Z,2026-10-05T07:14:06.351Z,26659,0,4,0,,,
P2,2,assisted,c08,0,2026-10-05T15:28:15.407Z,2026-10-05T15:28:23.399Z,7992,0,3,0,job_1dffe6e96ab7463e,3,
P2,1,manual,c09,0,2026-10-05T07:12:09.089Z,2026-10-05T07:12:33.988Z,24900,0,6,0,,,
P2,1,manual,c10,0,2026-10-05T07:12:36.655Z,2026-10-05T07:13:07.571Z,30916,0,7,0,,,
P2,1,manual,c11,0,2026-10-05T07:13:09.287Z,2026-10-05T07:13:38.252Z,28965,0,4,0,,,
P2,2,assisted,c12,0,2026-10-05T15:27:20.350Z,2026-10-05T15:27:38.009Z,17659,0,3,0,job_0a9a91019acd499e,4,
P2,1,manual,p01,1,2026-10-05T07:11:10.518Z,2026-10-05T07:11:40.291Z,29769,0,1,0,,,
P2,2,assisted,p02,1,2026-10-05T15:26:59.061Z,2026-10-05T15:27:19.268Z,20205,0,5,0,job_5db0a09a22ae47ad,5,
P3,2,manual,c01,0,2026-10-05T15:36:33.422Z,2026-10-05T15:36:51.737Z,18315,0,1,0,,,
P3,1,assisted,c02,0,2026-10-05T15:30:18.538Z,2026-10-05T15:30:39.760Z,21223,0,5,0,job_f4d80bb9661b44cf,5,
P3,1,assisted,c03,0,2026-10-05T15:32:50.069Z,2026-10-05T15:33:05.995Z,15926,0,4,0,job_93b7fa27c67d42a7,5,
P3,2,manual,c04,0,2026-10-05T15:34:33.687Z,2026-10-05T15:34:52.501Z,18814,0,8,0,,,
P3,2,manual,c05,0,2026-10-05T15:36:15.337Z,2026-10-05T15:36:32.446Z,17109,0,2,0,,,
P3,2,manual,c06,0,2026-10-05T15:35:56.971Z,2026-10-05T15:36:14.246Z,17276,0,7,0,,,
P3,1,assisted,c07,0,2026-10-05T15:32:37.892Z,2026-10-05T15:32:49.145Z,11253,0,4,0,job_3ef6aaf81e964386,4,
P3,2,manual,c08,0,2026-10-05T15:34:54.222Z,2026-10-05T15:35:56.002Z,61780,0,3,0,,,
P3,1,assisted,c09,0,2026-10-05T15:30:40.886Z,2026-10-05T15:31:07.248Z,26363,0,9,0,job_3d2cf2f1eb9e407d,9,
P3,1,assisted,c10,0,2026-10-05T15:31:08.052Z,2026-10-05T15:32:06.896Z,58844,0,13,0,job_812136fa2cbf42b7,15,
P3,1,assisted,c11,0,2026-10-05T15:32:08.497Z,2026-10-05T15:32:36.680Z,28183,0,7,0,job_3261d2fc12d841d5,8,
P3,2,manual,c12,0,2026-10-05T15:34:05.808Z,2026-10-05T15:34:32.548Z,26741,0,3,0,,,
P3,1,assisted,p01,1,2026-10-05T15:30:07.391Z,2026-10-05T15:30:17.461Z,10070,0,1,0,job_1333bf3d313446ac,1,
P3,2,manual,p02,1,2026-10-05T15:33:41.920Z,2026-10-05T15:34:04.617Z,22696,0,5,0,,,
P4,1,manual,c01,0,2026-10-05T15:44:46.601Z,2026-10-05T16:51:05.025Z,3978465,0,1,0,,,
P4,2,assisted,c02,0,2026-10-09T04:03:53.317Z,2026-10-09T04:04:40.623Z,47306,0,2,0,job_83877a7474bf451d,5,
P4,2,assisted,c03,0,2026-10-09T04:08:19.782Z,2026-10-09T04:08:37.464Z,17681,0,4,0,job_4e15ebe13eee4ef4,4,
P4,1,manual,c04,0,2026-10-05T15:43:48.669Z,2026-10-05T15:44:01.848Z,13180,0,8,0,,,
P4,1,manual,c05,0,2026-10-05T15:44:33.082Z,2026-10-05T15:44:45.199Z,12117,0,2,0,,,
P4,1,manual,c06,0,2026-10-05T15:44:16.502Z,2026-10-05T15:44:32.084Z,15582,0,8,0,,,
P4,2,assisted,c07,0,2026-10-09T04:08:07.233Z,2026-10-09T04:08:18.657Z,11425,0,4,0,job_bd2d366bdc0142b0,4,
P4,1,manual,c08,0,2026-10-05T15:44:02.851Z,2026-10-05T15:44:15.427Z,12576,0,3,0,,,
P4,2,assisted,c09,0,2026-10-09T04:05:37.686Z,2026-10-09T04:06:08.659Z,30972,0,9,0,job_192ffada8adc495e,9,
P4,2,assisted,c10,0,2026-10-09T04:06:10.167Z,2026-10-09T04:07:01.573Z,51406,0,12,0,job_5b5faa74df6940ad,16,
P4,2,assisted,c11,0,2026-10-09T04:07:41.896Z,2026-10-09T04:08:06.108Z,24212,0,7,0,job_77aecf3aa6f24b9f,7,
P4,1,manual,c12,0,2026-10-05T15:43:20.668Z,2026-10-05T15:43:47.626Z,26958,0,3,0,,,
P4,1,manual,p01,1,2026-10-05T15:42:57.289Z,2026-10-05T15:43:19.413Z,22123,0,1,0,,,
P4,2,assisted,p02,1,2026-10-09T04:03:04.344Z,2026-10-09T04:03:52.078Z,45715,1,5,0,job_056951a9247f48d5,5,
